Function,SA_Best,SA_Avg,SA_Std,PSO_Best,PSO_Avg,PSO_Std,Hybrid_Best,Hybrid_Avg,Hybrid_Std
f1 (Rosenbrock),35819.01867736344,528851.855150971,494999.853070174,502.1789984023286,21751.537415733677,35209.930918345075,969.0913741843283,30318.788806497432,41137.25291785858
f2 (Ackley),20.198989083670472,20.631970821386144,0.17039571116871796,2.2243190398399837,13.95319906571692,6.377537404355845,1.6458922072623037,16.224008218782803,6.955687832971428
f3 (Levy),35.93759911133355,71.5056236277346,15.829826128584953,5.026709808337308,16.369941959192126,7.897366529227651,6.098642122885469,18.745078893524948,10.260167767792325
f4 (Sphere),445.2665463277825,1237.4850724380024,872.0061941392743,3.755845642943997,2026.437127683103,3990.7634743639396,1.1324451391745043,1024.678775480266,2994.550923118504
f5 (SumSquare),161.77613076324582,325.3875468388975,139.25108012042782,0.679516408755136,726.7755173244027,484.35226600621394,200.5777890313286,1071.2554725996254,583.1751170333013
f6 (Zakharov),201.04970204386615,402.9634602697299,103.64383456359215,220.12985034224283,554.4418624667485,185.2108257262768,312.15549337600277,611.9346133810709,150.0703511268588
f7 (Michalewicz),-10.66499946472018,-8.746671510588035,0.9530813009908172,-22.01568714460706,-14.971324323217027,2.372952081519751,-18.737238375651255,-15.32633054284949,1.860400499411795
